date,price,inflow,outflow,transaction_count,active_addresses,feature_price_pct_change,feature_net_inflow,feature_inflow_outflow_ratio
2023-01-01,30313.02849180674,459877.95281141635,497626.07295879134,245964.1709945709,879231.602402434,0.0,-37748.12014737498,0.924143604608714
2023-01-02,30244.360812036608,522409.2481810417,391946.4500146471,253931.75951580453,716355.2645565951,-0.002265286023423659,130462.79816639458,1.332858731496405
2023-01-03,30651.261509245385,501259.2400781795,516742.74801430246,150089.96577339462,868646.5114070962,0.013453770762013905,-15483.507936122944,0.9700363324001706
2023-01-04,31600.242868303027,509767.60985488317,326767.4756185943,295816.3837351241,772421.931868605,0.030960597128160572,183000.13423628884,1.5600316674413708
2023-01-05,31468.05691954337,422699.02161445335,572624.007359308,267324.42379489966,812921.4825292917,-0.0041830674944668324,-149924.9857448546,0.7381790078340529
2023-01-06,31336.434246238234,502451.0174258943,522533.7734171739,299900.50549298263,988286.7606630914,-0.00418273913898358,-20082.755991279613,0.9615665876294541
2023-01-07,32341.840434440637,549799.829124545,503042.6760882488,105187.23109031553,1150485.675652711,0.032084256310147885,46757.15303629619,1.092948680616699
2023-01-08,32854.41638574009,645114.3607795042,568442.1885550963,354418.7352390364,959200.7294734472,0.015848694583058306,76672.1722244079,1.134881213548379
2023-01-09,32562.35745477403,595927.0826085206,629892.7000016319,243020.5185922413,720617.5406947223,-0.008889487718699034,-33965.61739311123,0.9460771375933977
2023-01-10,32931.979315099896,715318.2457511557,571293.3058516318,305409.1408368758,966690.4002330211,0.011351200871719223,144024.93989952386,1.2521033214012978
2023-01-11,32643.220067278424,423265.2437111951,314321.3191801519,198004.70364372345,1079494.7229968477,-0.008768353856249106,108943.92453104316,1.3466004940905787
2023-01-12,32355.483300558593,587232.0636720678,364838.0729937869,280638.6952531285,808532.5643520927,-0.008814595071405284,222393.99067828094,1.6095690311412982
2023-01-13,32528.237166949268,518334.2005738352,423766.3280073889,197329.2218413172,879897.4249990623,0.005339245431320506,94567.87256644625,1.2231604219502719
2023-01-14,31299.788614231395,718980.2933217672,482348.19451897504,218811.55196520974,902203.2292093795,-0.03776560489315584,236632.0988027922,1.4905835690724936
2023-01-15,30235.647237846984,419170.1714644849,526589.3118422211,345701.5676933393,782265.253037664,-0.03399835665026077,-107419.14037773618,0.7960096455396315
2023-01-16,29910.7425138585,416027.8157819224,414683.0568161881,240465.87996183266,997242.0650765789,-0.01074575058481935,1344.7589657343342,1.0032428596819436
2023-01-17,29319.80726810851,440060.7354555978,496809.00880293705,260871.64365898614,881857.7777088328,-0.01975662240668853,-56748.27334733924,0.8857744679709525
2023-01-18,29518.740596266776,287610.4275690193,412015.536088201,293503.3865344377,962929.8665860542,0.0067849466519054455,-124405.10851918167,0.6980572390538448
2023-01-19,28997.425423755398,447424.4978319239,424963.39773072465,274784.09439863026,766876.173329685,-0.01766048151042423,22461.100101199234,1.0528541992584302
2023-01-20,28192.860711364,424086.7338446302,353400.50128366,257520.94525717883,834381.2549514885,-0.02774607402670582,70686.23256097018,1.2000173522793995
2023-01-21,29033.373773599433,515039.3786476208,396909.0078500186,268248.0501233113,1008357.2036741658,0.029812975378431143,118130.37079760217,1.2976258247135588
2023-01-22,28916.78950606131,534175.597577716,358348.38549452997,370170.77926191373,844075.027186235,-0.004015526009730799,175827.21208318602,1.490659981181553
2023-01-23,28970.301878427996,687617.0839215886,392171.4072320401,247119.06014832074,1159044.5776850109,0.0018505640937584254,295445.67668954853,1.753358534664255
2023-01-24,28159.27932826028,595042.383818605,574827.7616947056,260054.95233574838,840054.5721578096,-0.027994963724269073,20214.622123899404,1.0351663984778723
2023-01-25,27866.77046389673,442309.63443375967,394554.10000512516,302532.7198003806,933702.7088627829,-0.010387654490503665,47755.534428634506,1.121036720764058
2023-01-26,27942.524936062797,410158.5328651642,716914.3858353652,305276.2966478992,1039888.6247809635,0.0027184517941973934,-306755.85297020094,0.5721164771819135
2023-01-27,27313.26286376341,549191.9171506505,524398.61107928,309351.515278019,687245.1400600453,-0.022519871548446063,24793.30607137049,1.0472795036972784
2023-01-28,27532.1502698447,367976.6792979358,496635.25113253866,281936.5111014592,635878.6782028836,0.00801396036691344,-128658.57183460286,0.7409395093457284
2023-01-29,27215.178851605076,683145.8765854354,402747.7997836908,192849.75436347583,671151.5528144857,-0.01151277379837618,280398.0768017446,1.6962125601985705
2023-01-30,27070.01648962049,617944.0120721287,543027.8891468092,331671.5766150548,1089387.6155140772,-0.005333874995865542,74916.12292531948,1.1379599914159577
2023-01-31,26799.316324724285,453082.43478952954,428192.59563860035,192682.7303490656,817221.278116133,-0.010000000000000071,24889.839150929183,1.0581276729314033
2023-02-01,26618.849548126815,328686.54709091224,490980.88331808255,265131.77326195163,1283729.892850238,-0.006734006734006737,-162294.3362271703,0.6694487672709902
2023-02-02,26438.38277152935,635387.2374165413,710407.6084441915,212286.2074990321,815362.8602013917,-0.006779661016949019,-75020.3710276502,0.8943981312475714
2023-02-03,26257.915994931875,488546.0154747382,471354.6090247815,246793.08267035038,927682.6954795555,-0.006825938566553041,17191.406449956703,1.0364723418861337
2023-02-04,26077.44921833441,623781.6311973461,583434.5993657109,266438.120515174,1131316.4928851814,-0.0068728522336768405,40347.03183163528,1.0691543351654138
2023-02-05,25896.98244173694,340557.23412056325,416714.12173867016,266067.86077251367,1200913.9332238685,-0.006920415224913498,-76156.8876181069,0.8172442841621134
2023-02-06,25716.515665139465,440062.4977046227,476851.0358552734,271096.0377117642,1209225.5364954597,-0.0069686411149827215,-36788.53815065074,0.9228510889471649
2023-02-07,26071.656352659244,500524.3699718183,639372.0572071959,330685.56345293234,1081254.9345889713,0.01380982914420234,-138847.6872353776,0.782837417321817
2023-02-08,25392.13197605005,504698.0593764742,423572.96479910094,272676.715075699,1053609.3788717194,-0.026063720977968687,81125.09457737324,1.1915256669316716
2023-02-09,25504.80257168122,454993.4528520756,643120.3702197236,237792.16823546757,988879.0423801774,0.004437224717382614,-188126.91736764793,0.7074779060358889
2023-02-10,25894.243859538412,562284.9932347499,543697.6741909928,298204.35841441783,1016754.1614249956,0.015269331599908238,18587.319043757045,1.03418686510185
2023-02-11,25995.940022726645,393237.95706174057,429377.9901695159,309473.524446232,817322.14255072,0.003927365623799529,-36140.03310777532,0.9158316589690416
2023-02-12,25948.810276484084,485762.05149787065,536916.6965149969,188619.6092431504,777270.1674866539,-0.0018129656477649323,-51154.645017126284,0.9047251736644449
2023-02-13,25805.519028214432,512029.56317118986,567529.9004664057,279870.0034924929,899493.8313883572,-0.0055220739117857985,-55500.33729521581,0.9022072013305296
2023-02-14,25055.341240607337,551443.883405875,535962.8965995477,285058.63711554493,874472.3066212607,-0.02907043980734856,15480.986806327244,1.0288844375320518
2023-02-15,24707.150065599555,571161.487808889,338679.7752098589,235121.8248320004,832015.7926009088,-0.013896884167894153,232481.7125990301,1.6864351804148199
2023-02-16,24491.882215829617,387535.79081621306,414557.65417576185,318785.340665581,1004458.1171185073,-0.008712775419195814,-27021.86335954879,0.9348175987408203
2023-02-17,25021.94641798332,346588.5829264378,457723.3228003646,242497.22064837365,1043295.7812855766,0.0216424445243784,-111134.7398739268,0.7572010550085121
2023-02-18,25206.41735978873,627767.682189851,473300.99138099584,256278.82267357712,913261.0329437772,0.007372365791369136,154466.6908088551,1.3263603787478933
2023-02-19,24330.222048905827,533231.4011979592,535860.488779561,241346.40878580653,1121629.5121582893,-0.03476080310725474,-2629.087581601809,0.9950937088353171
2023-02-20,24500.087858687602,425151.34634434467,495993.09008399287,250778.95237907337,728746.6328799742,0.006981679387895859,-70841.7437396482,0.8571719139723264
2023-02-21,24323.64690855647,655115.1975522523,359819.0077160909,195186.2456552399,870951.0811080423,-0.007201645608326505,295296.18983616144,1.820679795963308
2023-02-22,24006.504497609232,511567.46342928585,514217.80659053667,177997.45587028528,792476.6519095793,-0.013038440006119152,-2650.343161250814,0.9948458743993647
2023-02-23,24312.19194144082,617929.7184063826,534952.7170755441,329725.25316124863,620019.507439041,0.012733525776817245,82977.00133083854,1.1551109073423416
2023-02-24,24825.66520306065,506751.8481410109,530381.1403137936,207651.9325840836,887597.8971235951,0.02111999044991912,-23629.292172782647,0.9554484683244908
2023-02-25,25300.471004611085,706074.7924881987,577270.2652999159,200430.38252718464,881737.8737425074,0.01912560238232404,128804.52718828281,1.2231269042090076
2023-02-26,24888.469267856275,675534.0842443204,555052.9939094014,142330.49431981426,1127017.4614863195,-0.01628435046445267,120481.09033491905,1.2170623195567964
2023-02-27,24746.997048217923,475103.5851520926,521326.2071305593,218051.9126155249,994621.7526832166,-0.005684247517024468,-46222.62197846669,0.9113364696686141
2023-02-28,24923.32604992456,597157.0950954355,473685.0859687218,183845.5103296251,746371.9763506192,0.007125268628071113,123472.00912671373,1.26066264863333
2023-03-01,25422.06429854323,564537.5949585148,330513.51598356076,332100.7580068185,1178113.8849501284,0.020010902542447064,234024.07897495403,1.708062053917922
2023-03-02,25191.143364998337,636863.1557532349,518665.6397219327,300490.8544671317,1083155.054328803,-0.0090834847569057,118197.51603130216,1.22788769291652
2023-03-03,25110.199698718094,403507.6539419895,498691.89184468,215592.4827411138,987314.6555202923,-0.003213179533276376,-95184.23790269048,0.809132172671586
2023-03-04,24567.148955948105,568605.145999844,504442.0953475836,362621.79026721546,866027.3851725252,-0.0216266994801205,64163.05065226037,1.1271960671879477
2023-03-05,23991.684804108445,605842.4486849587,365092.62817617215,299088.2743495797,756084.1144914781,-0.023424132481613458,240749.8205087866,1.6594212041789431
2023-03-06,24393.557915032114,324126.0513576886,382704.9113632564,233758.43082456887,844168.9835893421,0.016750516447884067,-58578.86000556778,0.8469346531328786
2023-03-07,25067.42508766217,381674.1487334225,574783.7567999613,125029.71425632134,1063312.292955628,0.027624800571416322,-193109.6080665388,0.66403085372201
2023-03-08,25043.856633640633,296076.78222398995,476440.03615290107,364547.12862953707,1182687.9458901915,-0.000940202431606631,-180363.25392891112,0.6214355632551665
2023-03-09,25559.025242396445,473059.3165555442,541335.0627635362,180521.3766618202,1131486.5292408285,0.020570657957840324,-68275.74620799202,0.8738752560023699
2023-03-10,25756.666040872693,571754.2255795962,482548.6538517415,167730.0626521554,826672.5867320589,0.007732720500952764,89205.57172785472,1.1848633728761002
2023-03-11,25437.22169237845,650235.7052096028,482678.05255461705,301128.521600482,732057.3850066483,-0.012402395092102482,167557.65265498578,1.3471416439346513
2023-03-12,25633.79830594402,507409.4780419775,564445.5425378399,371987.62031696364,921132.9370366806,0.007727912110168353,-57036.064495862345,0.8989520508224428
2023-03-13,26435.129587736094,662861.5545571292,433555.9744604364,319213.6409255259,634734.0951655722,0.03126073132931922,229305.58009669278,1.5288949838185606
2023-03-14,26429.405832800225,361989.85417851084,488650.8699246885,278195.45600261795,948475.1571277173,-0.0002165207821990089,-126661.01574617764,0.7407944535825777
2023-03-15,27269.67257898112,329661.75606448454,438395.22401654616,279737.7170832643,877859.6120551997,0.0317928731162803,-108733.46795206162,0.7519738765494449
2023-03-16,25854.51559069229,494445.23011033813,440895.3395310916,292670.7779390154,830094.5247197637,-0.0518949020817949,53549.89057924651,1.1214571481662718
2023-03-17,26292.440670755597,538406.5448939307,452174.50888782245,287946.42948933825,660794.5399099807,0.016938050087504385,86232.03600610822,1.1907052129457856
2023-03-18,26351.360488635284,496730.5251905907,499992.0394470341,264059.5711984688,977040.0159854575,0.0022409413647635186,-3261.514256443421,0.9934768676316317
2023-03-19,26206.951159262047,293255.78999601235,436912.62405028706,255210.0551975938,820094.8740507133,-0.005480147009317299,-143656.83405427472,0.6712000840750705
2023-03-20,26268.15003862172,491087.99604872114,593018.0513016168,246870.34360502387,724512.4746434567,0.002335215530710184,-101930.05525289569,0.8281164375533441
2023-03-21,25237.088944424293,369553.0499495147,399485.34280024463,212301.7705566662,469160.6680077526,-0.03925137829201793,-29932.29285072995,0.9250728633974011
2023-03-22,25138.829909457607,566967.2548830039,463181.5520254777,235966.2461566613,895872.7642424046,-0.003893437756750262,103785.7028575262,1.2240713223652253
2023-03-23,25330.947168287596,536659.8246096849,440424.2047553243,165352.15929023072,1165837.7395004616,0.007642251430235077,96235.61985436059,1.2185066552094335
2023-03-24,26092.341761225227,406012.02136726445,610228.009591836,245083.01866026252,1149188.8821821804,0.03005788089483046,-204215.98822457157,0.6653447809431662
2023-03-25,25834.930258908626,448613.3082663306,497689.92988604173,200570.44464245412,831435.5615120592,-0.009865404365472868,-49076.621619711106,0.9013911701389088
2023-03-26,25430.100207127693,394078.64781110483,572866.0085521771,194820.53413921146,809668.1909457329,-0.01566987205786383,-178787.36074107228,0.6879071928304362
2023-03-27,25187.620619271518,493732.09027268284,346299.5664266725,258994.70755767392,970316.1384112536,-0.009535140871690743,147432.52384601033,1.4257369576500136
2023-03-28,25661.350454676307,595514.2320501239,504034.5239282333,319600.11431722995,750242.1841217563,0.018808042354041547,91479.70812189055,1.1814949250081843
2023-03-29,25842.90507865046,401427.39536644565,560066.7716061093,295915.83030011563,945268.7849729198,0.007075022193193559,-158639.3762396637,0.7167491729874781
2023-03-30,25582.015677981824,550404.6515517845,487405.55903478817,171474.96981884114,1014912.0417577035,-0.010095204075340702,62999.092516996316,1.1292539474554901
2023-03-31,25857.414996238884,446974.2381627559,575893.2337558817,200518.59317148314,1084039.9835826461,0.010765348662267167,-128918.99559312576,0.7761408052108251
2023-04-01,26115.98914620127,420712.71677376557,433444.0394909665,297038.5593994108,884976.8885280071,0.009999999999999941,-12731.322717200906,0.9706275284529176
2023-04-02,26288.371912842864,489296.9640045442,606841.2696167022,200875.63032308454,869448.9374734551,0.0066006600660066085,-117544.30561215803,0.806301397915138
2023-04-03,26460.75467948446,396475.7677580626,686900.8311257325,238768.34250014878,768302.6119865158,0.006557377049180474,-290425.06336766994,0.5771950619251622
2023-04-04,26633.13744612605,444635.0694652818,447344.5295604307,277502.6049512276,775967.946894021,0.006514657980455895,-2709.460095148883,0.9939432363288062
2023-04-05,26805.520212767642,380212.21074111515,439904.7730739305,201582.77725681823,866028.166214771,0.0064724919093851205,-59692.562332815374,0.8643057179950547
2023-04-06,26977.90297940924,696472.5132916389,610804.602940593,255268.775307298,955104.8260224267,0.006430868167202715,85667.9103510459,1.1402541990329074
2023-04-07,27150.285746050828,503526.35519717284,622161.4931157641,183298.72525408978,1037037.6939349874,0.006389776357827347,-118635.13791859127,0.8093177748361274
2023-04-08,25293.66381938557,430027.4492007414,432942.5975562059,219931.61780243932,779523.1573979483,-0.06838314498901049,-2915.148355464451,0.9932666631282776
2023-04-09,25308.897412360646,521397.9910734222,442183.1864613728,265989.0967071268,1123903.2853439283,0.0006022691328490622,79214.80461204937,1.1791447685878242
2023-04-10,25202.8090272098,488767.195030917,454639.38520255435,170350.3133234165,859331.4598436147,-0.004191742667502837,34127.80982836266,1.0750656694935432
2023-04-11,24501.98406143147,477903.0400466777,358999.4540069151,272023.73689801997,896794.9058477345,-0.027807414841008262,118903.5860397626,1.3312082642818512
2023-04-12,24308.102153583935,561416.6700043426,397321.3248164222,249018.11005366594,787918.2481278265,-0.007912906455307204,164095.34518792038,1.413004122705316
2023-04-13,24153.64141511575,575750.7710047305,389627.3309923139,277624.4977208574,536363.9609590587,-0.006354290330535353,186123.44001241657,1.4776960577647162
2023-04-14,23778.159886297763,446949.88523894723,410898.21914062847,261195.70670323307,1032606.8094541575,-0.015545545384432438,36051.66609831876,1.087738676925198
2023-04-15,23713.347417453522,442418.17593553197,476878.36013518967,318207.0214986922,1010526.584563865,-0.0027257142333199946,-34460.1841996577,0.9277379997073286
2023-04-16,23916.832058001506,472494.8302848356,501079.3259282869,256261.22513239537,857800.8664322679,0.008581017136290716,-28584.495643451286,0.9429541508412937
2023-04-17,24831.02230261896,269807.8835264415,619545.044353267,228529.72294373735,910048.6075837308,0.03822371802421075,-349737.1608268254,0.4354935706217933
2023-04-18,24930.136725049662,348480.89378014475,390148.1363335088,256114.8751516142,977390.8826556149,0.003991556256636641,-41667.24255336408,0.8932014825318919
2023-04-19,25071.017122498364,636687.4267444524,568589.0158628925,277164.9014518194,665618.1214670186,0.005651007814455587,68098.41088155995,1.1197673697199613
2023-04-20,25046.22393448214,664496.7713501283,460741.0040197042,252443.00351628521,820642.0983980558,-0.0009889183153233934,203755.76733042416,1.4422349336238158
2023-04-21,24097.587575701018,475096.39604436216,475548.26613128104,252029.5845601941,1019139.7019432741,-0.03787542430598073,-451.87008691887604,0.9990497913269772
2023-04-22,24096.857960776695,557655.6963055766,540733.7542949943,214900.41560966225,711856.5865246126,-3.02775089842882e-05,16921.94201058231,1.0312944066764336
2023-04-23,24137.933566035015,531125.0154543536,378955.01805939316,216854.9541224526,944033.6898249944,0.0017046041988204581,152169.9973949605,1.4015516094079299
2023-04-24,25339.15402218262,807888.0808455237,514416.87715656456,179869.73641001532,696512.7293064892,0.04976484224970561,293471.2036889592,1.570492953713181
2023-04-25,25254.338316904825,611957.4911434577,494980.69873917504,337478.83715934696,969964.497365029,-0.0033472192956223736,116976.79240428266,1.2363259672594271
2023-04-26,25419.27305810041,487208.24085192336,524320.6137607334,187806.83823043574,894653.7776553775,0.006530946846672337,-37112.37290881004,0.9292181693132023
2023-04-27,25414.33573558011,404445.9559399574,506025.1779517036,215354.74011020464,657730.2276141735,-0.00019423539410495813,-101579.2220117462,0.7992605379382107
2023-04-28,24833.019383150666,339355.3679742428,700977.0125919805,214079.63672154013,1074710.9031685756,-0.022873560752390606,-361621.64461773774,0.484117684144048
2023-04-29,25413.030714929406,520346.3635867223,422603.4014173816,294746.21884722204,789811.2634802926,0.023356456290300354,97742.9621693407,1.23128768448507
2023-04-30,25807.915175391652,424364.92547156964,432210.27404983644,235252.51608539862,778462.1344478428,0.01553866065373554,-7845.348578266799,0.981848306138687
2023-05-01,26229.116840785584,357774.6290402326,423917.3526217712,312387.10363368667,930085.3795846414,0.01632063894086089,-66142.7235815386,0.8439725970817886
2023-05-02,25765.18280309886,435342.71157574735,430007.0592755771,216325.46878780657,1072295.6024143072,-0.01768774909589472,5335.6523001702735,1.0124082900154223
2023-05-03,26500.930431628727,391845.19963856053,422635.1585424134,263949.7081111901,747626.7271532405,0.028555886218722057,-30789.95890385285,0.9271476632231889
2023-05-04,25771.17374703328,668714.1635072564,587011.4877996796,208232.64733701214,909251.9774771958,-0.027537021255845614,81702.6757075768,1.1391841171862351
2023-05-05,26086.53925648691,588163.9756949451,607845.3823190869,357257.45638866944,964322.4750495859,0.012237141876005315,-19681.406624141848,0.9676210312743477
2023-05-06,27242.41065956085,499202.73586833826,428632.8335625471,190620.07904852438,1003965.8410894716,0.04430911251619971,70569.90230579115,1.1646395161081224
2023-05-07,26716.33991804218,647994.4138890025,405087.9984206194,265491.03551135137,926466.2332915838,-0.019310726502613777,242906.41546838311,1.5996386375687277
2023-05-08,26427.110035223537,507736.83076476183,522427.4000747764,281688.84404660494,844945.8241375017,-0.01082595459205545,-14690.569310014544,0.9718801707033133
2023-05-09,26492.993542047774,413871.5798671736,430299.9260147126,270689.9548725749,775861.4669026921,0.0024930273017527735,-16428.346147538978,0.961821173664396
2023-05-10,26239.468493757224,652312.4077269657,536963.863597996,240735.6170561146,912921.5824569563,-0.009569513082323958,115348.54412896978,1.2148162138063852
2023-05-11,25438.816543126475,553891.0043684659,498263.071876617,243508.96501332868,739179.148202159,-0.030513268621322726,55627.932491848886,1.111643699145386
2023-05-12,25486.419170152873,396275.38456735434,343583.0296502491,252190.57359895547,461797.4274758089,0.0018712594961206846,52692.35491710523,1.1533613431686178
2023-05-13,24957.676025057277,480966.13219163916,619275.4681197056,242649.89991857557,965483.9706236501,-0.020746074274522106,-138309.3359280664,0.776659430175698
2023-05-14,25206.550192104052,412438.1746615243,641628.990578597,298193.95583974547,1035590.2261629293,0.009971848612703678,-229190.81591707264,0.642798534227082
2023-05-15,24755.64320503908,361720.0269035664,424849.01785640523,360526.15007956757,545560.1346687243,-0.0178884846846761,-63128.99095283885,0.8514084102833543
2023-05-16,25535.41348907817,592617.7547531641,445106.8596057614,222125.41074960833,748540.3942935094,0.0314986881003507,147510.8951474027,1.3314055759060994
2023-05-17,25148.16726209296,690941.664047013,505727.88516524143,181509.8510210461,992873.1391507797,-0.015165065846724647,185213.7788817716,1.36623208708623
2023-05-18,24998.756208159535,360143.2426180859,510101.1110988323,245585.89758243726,1208624.3204567549,-0.005941230324113503,-149957.8684807464,0.7060232467290353
2023-05-19,25417.99395802691,556296.9236690571,539268.9845405547,378985.46688271593,903119.0561513111,0.016770344347393405,17027.93912850239,1.0315759660144552
2023-05-20,24804.98091984054,434935.74308781733,660918.4084889714,209816.27160151346,790799.5588156298,-0.024117286328679124,-225982.66540115408,0.658077816416389
2023-05-21,24930.22619705813,451287.46162353037,464074.74952553556,331955.8402722034,872565.5338342739,0.00504919869208261,-12787.287902005191,0.972445628823635
2023-05-22,25594.438600878788,440760.6075761131,408153.2479915392,333885.04070382204,1106231.4628722277,0.026642855085648457,32607.35958457389,1.0798899916759939
2023-05-23,24784.38320120084,413600.9230320184,355861.26947869256,222320.58791460027,803105.3731313196,-0.031649664691224585,57739.65355332586,1.1622532669484085
2023-05-24,24888.296118837054,504852.1627944827,414216.2964052273,278449.15395926376,780121.199002462,0.004192677170645914,90635.86638925545,1.2188128935916769
2023-05-25,25030.101065685383,416904.9883588962,477018.57244135824,331419.8311564269,827588.4716726951,0.005697655884968457,-60113.58408246201,0.8739806213942498
2023-05-26,25433.998226139236,527045.6825779838,641510.2077166009,231043.61295062565,757000.7087611931,0.016136457435546245,-114464.52513861703,0.8215702201434277
2023-05-27,24817.50318152641,494976.1890550863,433414.98308674456,239820.9819948819,918400.5473992194,-0.02423901421756169,61561.20596834173,1.1420375583924396
2023-05-28,24174.503209191436,476105.195313359,500140.9156475009,220915.9543025678,1143701.768770434,-0.025909132261685643,-24035.720334141864,0.9519421035509076
2023-05-29,24438.944021856354,409243.6337958402,478521.9393534523,199262.16346535666,948461.8909674044,0.010938831312337959,-69278.3055576121,0.8552243902312683
2023-05-30,24596.323329957188,442322.8669431667,586955.3946103276,217536.12274669964,862146.9746810568,0.006439693464663826,-144632.52766716084,0.7535885537551271
2023-05-31,24350.360096657616,575539.1225825755,707423.918328626,188802.98666188717,856228.3096626684,-0.009999999999999988,-131884.79574605043,0.8135703468188578
2023-06-01,24186.384607791235,550091.718762438,432221.81043717114,251704.1734129613,665521.3786955015,-0.006734006734006726,117869.90832526691,1.2727069885854378
2023-06-02,24022.409118924854,402244.4755201449,435950.45017336,211501.33844706792,1032466.4665720739,-0.0067796610169491445,-33705.97465321509,0.9226839319931621
2023-06-03,23858.433630058473,509933.23054292257,573974.4789362164,261689.2955895374,888324.4204480797,-0.006825938566552892,-64041.24839329388,0.8884249200208595
2023-06-04,23694.45814119209,575138.7123371789,541370.2340663681,172205.21768981864,872928.0129614061,-0.006872852233676967,33768.478270810796,1.0623759419079384
2023-06-05,23530.48265232571,333059.47188786283,646203.659316243,266544.01161072287,1378966.1351767292,-0.006920415224913486,-313144.1874283802,0.5154094488419915
2023-06-06,23366.507163459326,554336.0192379935,532553.5366793368,291676.4480804462,944812.9362548529,-0.006968641114982724,21782.482558656717,1.040901958316676
2023-06-07,25711.583634291044,433737.6241054153,447663.71182916465,150313.21787142724,787231.3424857224,0.10036059109848312,-13926.08772374934,0.9688916314729934
2023-06-08,25111.833436065204,557059.8668593159,533158.9347623078,268702.8284923786,836046.3605691685,-0.02332606994405295,23900.932097008103,1.0448289066142418
2023-06-09,25454.134650020445,423674.0843457483,579783.3222524617,311383.4496236646,1072266.8563795132,0.013631072172676716,-156109.2379067134,0.7307455528382085
2023-06-10,24970.66814784799,319511.7899335481,553843.3963077627,189517.94906543972,916990.5615806647,-0.01899363340454655,-234331.60637421464,0.5768991596967602
2023-06-11,25376.234050808576,337245.75621168374,525654.6627996569,333628.61934188515,684258.303252395,0.016241692074848914,-188408.90658797312,0.6415728425493268
2023-06-12,25976.93801949646,504808.4946661382,576000.7220630238,270950.95046830224,1037884.3401862805,0.023671911580148145,-71192.22739688563,0.8764025379310271
2023-06-13,25563.550214155828,525972.2501721482,585236.6031401105,214749.40721207956,799778.3871691509,-0.015913646367034233,-59264.35296796227,0.8987343705947697
2023-06-14,26068.87827036403,409568.33748955914,604394.3091933774,247211.5461171147,1180994.666432632,0.01976752258488643,-194825.97170381824,0.6776508833052509
2023-06-15,26297.127424231923,563859.2458777374,538383.8898830678,277916.3456260861,1062007.2098571972,0.008755618538729864,25475.355994669604,1.0473181989160236
2023-06-16,26742.632403499232,333847.99377310404,464959.3727714831,253800.26957062059,832901.7156511873,0.01694120319988985,-131111.37899837905,0.7180154080627227
2023-06-17,27770.508469314012,493392.02013526834,493204.23177899903,276937.7996223185,1092152.4542602669,0.03843585965307904,187.7883562693023,1.0003807517133256
2023-06-18,27648.102668474134,378898.3800237543,588585.8069857521,203966.3203460317,910178.3265791105,-0.004407762320057457,-209687.42696199776,0.6437436572997866
2023-06-19,27245.139222666417,434816.38921978406,406475.78961114876,258468.0412018039,1027916.0512683329,-0.014574723287149717,28340.599608635297,1.0697227247796162
2023-06-20,26774.062902763388,504739.8671316414,513180.5977985611,179314.27515475097,972709.9225941713,-0.01729028859251051,-8440.73066691967,0.9835521243337557
2023-06-21,26350.598816487047,413958.66347160476,444599.50689053757,244438.69693256498,773046.501751369,-0.01581620569930888,-30640.84341893281,0.9310821470918169
2023-06-22,26323.140591638563,461544.4455770175,482587.0340641336,204804.61792676052,803467.5251523807,-0.0010420341882820471,-21042.588487116096,0.9563962829463014
2023-06-23,26515.905989858657,600629.2809214441,595060.6676346569,213223.50287051167,1054494.122637174,0.007323039496332925,5568.613286787178,1.0093580597570366
2023-06-24,26675.89808731946,442310.81304768514,497198.9161217913,311804.65876052185,849783.7001840188,0.006033815986600422,-54888.103074106155,0.8896053444721085
2023-06-25,27130.55315737957,583569.2112065142,484179.2893340534,304565.50602971343,839452.7305137005,0.017043664980720328,99389.92187246075,1.2052750377017631
2023-06-26,27151.17340433306,387029.3145342382,357612.94731180725,280456.90604535886,756731.613097597,0.0007600378375581425,29416.36722243094,1.0822575565106216
2023-06-27,27954.052106595333,552980.4177915283,547162.8209424498,195384.36176637106,963539.8598390191,0.029570681543146102,5817.596849078429,1.0106322955917546
2023-06-28,27820.064514514623,644156.86206579,538093.5763026968,234179.5775152599,1209378.7378864717,-0.004793136664759151,106063.28576309315,1.1971093698829602
2023-06-29,29347.480180870218,252835.54998727108,674692.9250974914,310654.88499895914,739870.0628618591,0.05490338333179253,-421857.3751102203,0.37474166481105015
2023-06-30,29729.38912272768,420310.47445295233,452299.95885422995,257085.84568199524,903632.9185009137,0.013013346955300261,-31989.484401277616,0.9292737401915453
2023-07-01,29234.59840660532,557707.212718054,499723.5294897545,365966.4769990847,1111833.0833123145,-0.01664315112832571,57983.68322829943,1.1160315250464672
2023-07-02,28623.073463459365,479695.46139570075,502444.531533968,269665.8919697186,888053.7913131427,-0.02091784996122221,-22749.07013826724,0.9547232207527185
2023-07-03,28913.58186790306,537114.5873371309,621970.7951787127,259602.45582450158,967855.7694374601,0.010149448304863648,-84856.20784158178,0.8635688226853163
2023-07-04,28798.816468078036,439601.48132841795,471423.40208517434,234544.17678987494,740640.9707779681,-0.0039692557065171274,-31821.920756756386,0.9324982157949661
2023-07-05,29224.463260061577,508658.97874729,505111.9373193305,256677.04523911412,964246.0645811473,0.014780009881841786,3547.041427959455,1.0070222878651094
2023-07-06,29515.67780314418,484432.27646079205,534710.6858744886,242376.5081809728,871928.3602493177,0.00996475249147103,-50278.4094136965,0.9059708161031623
2023-07-07,29487.44374763108,616778.2061659808,496794.82108407223,285405.43383442954,1047859.4993519795,-0.0009565782531373902,119983.38508190855,1.2415149675274169
2023-07-08,29002.791826957106,525442.0843301213,439820.97469045245,297835.1158397292,1078107.9077347126,-0.01643587436136817,85621.10963966884,1.1946726385660194
2023-07-09,28138.597248726426,533760.2662075203,497468.0993608477,210700.52697460252,1288434.5463027922,-0.029796944493717323,36292.1668466726,1.0729537570214074
2023-07-10,27901.380459315824,458812.30338775326,576626.8574873795,183438.35232211108,986944.9759820363,-0.008430299041340412,-117814.5540996262,0.795683200375028
2023-07-11,28393.225321251855,451239.37759275065,387613.62305300456,158189.7313448352,948869.447487325,0.01762797588646953,63625.75453974609,1.1641473641679656
2023-07-12,28528.998172251668,456744.1812180379,491967.2706732188,275399.5663456272,929157.6452366004,0.0047818748826040786,-35223.08945518092,0.9284035919564713
2023-07-13,27832.469084518245,539445.2142378297,416989.1266554744,194831.6696913063,847025.0560783967,-0.02441477557423983,122456.08758235525,1.293667339876541
2023-07-14,27942.786374356125,457901.5519179737,587554.1966032358,142355.47035237585,950772.5765192537,0.00396361851702347,-129652.64468526212,0.7793350035880791
2023-07-15,28172.094592105095,528977.4856896413,342913.1785694603,269428.9302265482,855689.7884791456,0.00820634759457679,186064.30712018104,1.5425988814322922
2023-07-16,27688.17833342927,707540.0798645439,429697.03374555707,374649.97587163956,925269.1464404422,-0.0171771487240227,277843.0461189868,1.6466021971273606
2023-07-17,27787.14978555089,587112.4703431693,513949.0687558069,249696.45442300534,1097639.6303411939,0.0035745021189106624,73163.4015873624,1.142355353935128
2023-07-18,27833.392448009345,467397.64678321587,620897.1626310906,291924.5387225821,749018.6152080538,0.0016641743689200126,-153499.51584787475,0.7527778751679087
2023-07-19,27211.054327114594,620121.3922163944,474082.4765034311,254091.46792737825,1070981.7841693568,-0.022359405956612385,146038.91571296332,1.3080453780744339
2023-07-20,27419.375280277993,459192.46269784484,430032.04259761213,245055.51734044286,1097567.2601009798,0.007655747206965659,29160.420100232703,1.067809877431665
2023-07-21,27740.612195515405,296187.5464822146,649304.1362496531,295953.8241493884,882289.7209513382,0.011715690527364753,-353116.5897674385,0.4561614965106775
2023-07-22,28355.372592109088,399191.3689082596,349678.748962538,235486.27279056743,581721.7651487108,0.022161024863505588,49512.619945721584,1.1415945924441235
2023-07-23,28967.169274880718,312920.80789741443,282107.4639041926,263369.61570359516,808826.7019358352,0.02157604104069804,30813.343993221817,1.1092255538608735
2023-07-24,28183.509223789537,464848.6515958691,519601.30050479993,266084.8903098007,1094549.1819841664,-0.027053387359141885,-54752.64890893083,0.8946256507523406
2023-07-25,27668.97696514646,501841.8379189552,434815.119808265,216595.47731784754,896569.7906551677,-0.018256500798302426,67026.71811069018,1.1541499250077738
2023-07-26,27967.821432521723,667643.7312275283,388089.0464582358,299602.1174768261,750104.6651557634,0.010800705344173244,279554.6847692925,1.7203364468040372
2023-07-27,28269.19481783101,532692.7373764162,543752.0802569418,241252.01216522956,824283.7618157674,0.010775719018244317,-11059.342880525626,0.9796610564224422
2023-07-28,28574.5290829331,478089.9471191136,501942.0642394079,212212.74202535776,1026093.0039756829,0.01080095372612093,-23852.117120294308,0.9524803382309921
2023-07-29,30790.616108043476,582940.5581183489,429232.92323369446,276825.4921785202,982010.0352302069,0.07755462981309443,153707.6348846545,1.3580984276012045
2023-07-30,31098.52226912391,278886.4690992115,364772.6041196195,205076.60091044812,864160.1851245458,0.009999999999999998,-85886.13502040796,0.7645488338476115
2023-07-31,31303.79304317753,523561.4558108566,558521.159545213,251409.0578684564,844976.3382277968,0.006600660066006521,-34959.703734356386,0.9374066619735176
2023-08-01,31509.06381723116,577086.5193886966,538518.1060162794,249544.05016778983,841236.2776434267,0.006557377049180481,38568.41337241721,1.0716195294857018
2023-08-02,31714.33459128478,352141.37542201584,471074.17225985555,304294.7782915789,761638.4723252247,0.006514657980455947,-118932.7968378397,0.7475285128299635
2023-08-03,31919.6053653384,614375.4043206929,646197.3296442899,273734.91164399765,1142306.3534204164,0.0064724919093850355,-31821.92532359704,0.9507550962163308
2023-08-04,32124.87613939203,533849.6407494415,383692.37103064626,248748.6520627428,851651.929618299,0.006430868167202723,150157.2697187952,1.3913480721950602
2023-08-05,32330.14691344565,458471.2086099199,342702.7346167735,290888.31496001437,1082573.7781238244,0.006389776357827399,115768.47399314638,1.337810184452144
2023-08-06,32630.645226287095,563278.1866106285,417728.273710688,319510.3774508657,1128197.4077883677,0.009294678234712044,145549.9128999405,1.348432035990808
2023-08-07,32330.20603420057,727069.2857804396,475897.2585280052,277890.5153175931,1049746.6347221942,-0.009207270956581982,251172.0272524344,1.5277862453533206
2023-08-08,32399.31129312233,518186.6255058495,501900.5504390423,250517.63099216903,835256.9530922928,0.002137482787726586,16286.075066807214,1.0324488089374695
2023-08-09,33915.37781754784,524822.0586300336,458288.7547929303,184408.18838249202,960559.5135504914,0.046793171333470135,66533.3038371033,1.1451776923201296
2023-08-10,32665.755416610504,454063.9100459756,511684.9856862867,196744.31684623138,896370.6590413626,-0.036845303851834946,-57621.075640311115,0.8873895516730317
2023-08-11,33130.43244493742,415015.5630535208,367361.45182286005,234738.76478226663,764444.7208904808,0.01422520380749029,47654.111230660754,1.1297199556300734
2023-08-12,32078.398176693347,583033.5816544245,609938.8143665934,219524.38989203583,948653.8922582405,-0.03175431742379295,-26905.23271216883,0.9558886365674084
2023-08-13,31791.66100972043,414391.61740911327,472606.3939446688,240651.4348507277,723144.0313260297,-0.008938637315788664,-58214.776535555546,0.8768218600479385
2023-08-14,32499.947804927666,507156.6237219392,580556.6248429315,252832.49624485537,1078151.9082692345,0.022279011939347112,-73400.0011209923,0.8735696089234181
2023-08-15,32557.979724140172,452234.2553234883,510845.28117399337,276484.63771783654,830307.4054052411,0.001785600381909147,-58611.025850505044,0.8852665806840601
2023-08-16,31872.474861449842,547897.9825746391,521107.78972384054,246475.06109704543,930173.9483809259,-0.02105489555858594,26790.1928507986,1.0514100794098586
2023-08-17,31432.441109046766,533366.2105286948,531279.0552208984,274325.0821913101,942493.1807319213,-0.013806074185199307,2087.1553077964345,1.0039285480714624
2023-08-18,31875.385654025886,603753.9944257899,520293.7704015584,253223.72074050602,861164.2539443884,0.014091954978693446,83460.22402423155,1.1604098084046204
2023-08-19,31425.708985756588,448998.3601145253,537845.0483880789,151226.67168230645,988004.0702212912,-0.014107332634342678,-88846.68827355362,0.8348098796487444
2023-08-20,31577.469133122875,473012.5064706629,599623.7277119188,203033.2303090623,828764.4515066213,0.004829171791639482,-126611.22124125587,0.7888488807399487
2023-08-21,31622.038735047478,402123.62842176924,497686.9052731323,242795.62221391924,1030694.5946185866,0.00141143679807612,-95563.27685136307,0.8079851492196332
2023-08-22,31225.751125779774,455570.6739923888,543810.3381829661,189515.26285794462,698103.0479629877,-0.01253200695211622,-88239.66419057728,0.8377381634828559
2023-08-23,32580.28929255985,537730.0493044852,471923.7875141496,279996.4364998102,918956.9369319618,0.04337888178650658,65806.26179033559,1.1394425615563244
2023-08-24,33009.64473990968,575698.8616645352,609610.5493904526,326537.5416171849,1190839.3498587427,0.013178380446360214,-33911.68772591732,0.9443715536750052
2023-08-25,31689.16481561505,407783.46758223744,419124.69281466573,310938.0925848658,749950.3013091638,-0.04000285173315202,-11341.225232428289,0.9729406894252272
2023-08-26,31823.181028249077,586960.592010566,642084.6389619734,239327.8564534896,798338.2544212723,0.0042290862953885166,-55124.046951407334,0.9141483168939789
2023-08-27,31417.88960935581,635563.7858804951,476385.7844420091,324536.3068424976,977086.1774488372,-0.012735729295367858,159178.00143848598,1.3341367577223808
2023-08-28,31969.231682399746,541343.4903223701,351230.24080937565,257433.3728601056,926937.2672909397,0.01754866669592453,190113.24951299443,1.5412781344650082
2023-08-29,31478.490716239714,687679.5812558066,491529.39734197105,233145.70144409803,952594.5148910339,-0.015350414768654057,196150.18391383556,1.3990609411655766
2023-08-30,31421.99536144723,422621.08008964267,418705.3508272607,219329.86682295302,973378.0695221495,-0.0017947288293380368,3915.7292623819667,1.0093519924086125
2023-08-31,31755.060517882226,375534.5296688583,555657.9194089852,234876.51567559357,995208.2202842655,0.010599745579609082,-180123.3897401269,0.6758376269851212
2023-09-01,32320.780219832028,322127.9751095722,421263.8418627848,230591.15907293855,1066454.9762934335,0.017815103883402395,-99135.86675321264,0.7646703635544789
2023-09-02,31561.050282519867,649604.4311489183,439843.49101066985,258520.81111877438,961472.7985392769,-0.02350592814111555,209760.9401382485,1.4768990434671683
2023-09-03,31365.686601182304,565436.5656354057,309941.33421490225,258028.69905249323,863811.3518072186,-0.006190024716818938,255495.23142050346,1.8243341665534427
2023-09-04,31083.429728831386,494441.5329089545,439292.4312675831,250152.30100767073,1000886.0551804097,-0.008998906223219041,55149.10164137138,1.1255407507983646
2023-09-05,30692.817177885878,527996.8626319821,261850.8606033939,271846.9084873175,1184982.2902342824,-0.012566584651474179,266146.0020285882,2.016403006716483
2023-09-06,31791.898871132234,387451.09527016233,337448.7458862849,309532.31373931706,880104.9380426139,0.035809084805621665,50002.349383877416,1.1481776121364737
2023-09-07,32065.29757255838,744575.1979616827,548437.3190529868,297477.7067720662,753820.6042994037,0.008599634219219162,196137.8789086959,1.3576304385109617
2023-09-08,31272.717837340315,512922.11819752277,550722.0142785748,175755.10157750483,1066062.100393046,-0.024717679086700778,-37799.89608105208,0.9313630196342005
2023-09-09,31862.4349499365,510939.4794604893,518291.1805606468,122303.94325490226,881942.8254069602,0.018857238941095537,-7351.701100157516,0.9858155002903869
2023-09-10,33230.70744302986,572576.6623898692,392972.14711837086,296715.9955619637,574099.5680978945,0.04294312394025256,179604.51527149836,1.4570413363606607
2023-09-11,33933.51381712071,548100.9231736714,475705.97794722184,181656.06507922895,1027113.2515725632,0.021149305211022856,72394.94522644952,1.1521842242530775
2023-09-12,32919.329339368895,522388.40242791316,479675.77148184885,238761.72990536582,819700.7721069116,-0.02988739931908022,42712.63094606431,1.0890447954336184
2023-09-13,32616.97578559802,420952.5544554688,375747.17797267117,191494.34869703202,886420.0076543759,-0.009184681457324928,45205.37648279761,1.1203079600669297
2023-09-14,33459.7404790013,547146.8357135996,615305.8471590435,159900.978120999,949797.0495853522,0.0258382229837324,-68159.01144544396,0.8892274276928392
2023-09-15,33002.90161595044,688202.4496475034,558962.6061518104,277073.1364102394,928574.95196686,-0.013653389312375773,129239.84349569306,1.231213755756306
2023-09-16,33312.34964520556,634542.0046154978,460113.2243553302,287957.75801513233,1006417.7725708559,0.009376388562924597,174428.78026016755,1.3790996890049436
2023-09-17,33845.10342872658,659318.6626639396,482419.72550950776,221174.47996366402,834677.0444145235,0.01599268106858661,176898.9371544319,1.3666909286671478
2023-09-18,33234.584826804974,448878.4323568815,498754.4527152797,120447.8853927545,976965.8697264125,-0.018038609431561606,-49876.02035839821,0.8999988469539126
2023-09-19,33211.63610931075,401039.5179741419,296243.86184181384,222687.77758737587,861067.9983624124,-0.0006905071212358572,104795.65613232809,1.353747940905139
2023-09-20,31075.286098738048,487421.30799003516,457754.0355731463,269590.20027012733,1010821.5721331255,-0.06432534680138154,29667.272416888853,1.0648105098183196
2023-09-21,30454.16096117793,505572.4912288695,418621.41768019815,176054.42156129357,992305.122601958,-0.019987752826685655,86951.07354867132,1.2077081340713838
2023-09-22,30315.553018934632,609419.1518470949,389854.1991094576,259167.9959889578,759684.1946933107,-0.0045513630278631815,219564.95273763727,1.563197608847586
2023-09-23,29574.166051264292,330753.53702851804,454700.97364026407,249234.50754135023,1062897.3174262547,-0.02445566363929699,-123947.43661174603,0.7274089043191563
2023-09-24,30554.497193618623,652955.0319460614,641791.787416457,278964.5749800544,819605.4832328928,0.03314822607863264,11163.244529604446,1.017393872512053
2023-09-25,29695.82942782791,484199.21014210104,537675.8575140309,255979.01842070767,1021208.6697421718,-0.028102827559212715,-53476.64737192984,0.9005411036694457
2023-09-26,29449.327622189627,457311.893005258,428593.8909195483,201346.55295592223,955093.0970102011,-0.008300889733939772,28718.00208570971,1.0670051596491383
2023-09-27,29541.05672788097,398789.5624739833,531532.4503220543,309828.57508322457,1175727.5515192684,0.003114811545721856,-132742.88784807106,0.7502638121762041
2023-09-28,29245.64616060216,334514.33281342307,605941.9892927402,242073.5213486515,866480.1026442222,-0.010000000000000012,-271427.6564793172,0.5520566963908056
2023-09-29,29048.705782416284,582317.0583961915,563217.0314621492,248634.7730245034,847602.4805822704,-0.006734006734006784,19100.026934042224,1.033912374568037
2023-09-30,28851.765404230413,507331.79671884037,485366.7332928157,203336.60204634018,897087.0591168401,-0.006779661016949078,21965.063426024688,1.0452545712744046
2023-10-01,28654.82502604454,371003.91002589464,421775.69000649836,227835.88744042447,854523.0325748586,-0.006825938566552951,-50771.77998060372,0.8796237403350072
2023-10-02,28457.884647858667,370492.1227936384,542840.0982252231,205759.86429865495,1019991.2852913075,-0.0068728522336769,-172347.97543158475,0.6825069187131457
2023-10-03,28260.944269672793,466421.5300709872,515413.68468795746,241352.69700382886,657553.4087345118,-0.006920415224913545,-48992.15461697028,0.9049459568644725
2023-10-04,28064.00389148692,666902.1525289393,560567.389802496,335585.42400711717,741947.637128047,-0.0069686411149826296,106334.76272644335,1.189691310377345
2023-10-05,29770.889182069008,474040.8648636395,537165.4621513772,181404.94285343218,739829.561763121,0.060821160700446776,-63124.597287737706,0.8824857483671414
2023-10-06,29827.336029398346,349685.7046881894,574459.7443787402,169321.93010616294,1042546.1387960364,0.0018960416998003576,-224774.03969055082,0.6087209906524664
2023-10-07,29612.392134807207,475425.6935914056,431828.8309595489,323558.51637468045,1156592.0058872888,-0.0072062719372352375,43596.8626318567,1.100958665809742
2023-10-08,29694.428733708257,472727.64302523294,598565.4659070893,239533.8161424067,884332.6172193793,0.0027703469050249976,-125837.82288185635,0.7897676527476292
2023-10-09,30102.50779061445,230311.33570584282,497783.96442231594,216546.3630670042,874676.7415214984,0.013742613490420653,-267472.6287164731,0.46267327227610033
2023-10-10,31072.42071579098,494570.51334821875,666773.4785362739,301995.2343698038,910507.8244669772,0.032220336322907134,-172202.96518805518,0.7417369305598633
2023-10-11,30318.718447187388,476906.5469791322,417973.0963719389,219719.2230131568,1074281.7453912285,-0.024256309976536897,58933.45060719334,1.1409981913160043
2023-10-12,31627.294572904124,569620.6364813418,636236.7422848725,341300.4856773468,760897.029871414,0.0431606674931252,-66616.10580353066,0.8952966696574346
2023-10-13,30408.323102837167,684895.6094945346,497811.9705116383,283896.29356696346,935755.3474102177,-0.0385417559904501,187083.63898289623,1.3758118527977872
2023-10-14,30331.216660147853,612656.5029547757,421372.3796746996,225604.42959271488,1046279.6444673645,-0.0025357019007114976,191284.12328007608,1.4539550585345622
2023-10-15,30703.269801573457,473111.1309445169,436450.27493511105,357865.41066327516,975164.1254909767,0.01226634412969144,36660.85600940586,1.083997784203152
2023-10-16,30891.16881901658,389347.40912583296,451168.74226251116,219714.25384983307,928437.2424898115,0.006119837354700718,-61821.33313667821,0.8629751413480953
2023-10-17,30521.896083620122,757335.980324986,518174.93517617247,287104.7686004654,1050156.9138850712,-0.01195399039641175,239161.04514881357,1.4615449897581443
2023-10-18,30410.11131770005,505921.8434014488,527055.193923195,264964.6290203246,494515.1560501144,-0.0036624450071455765,-21133.350521746208,0.9599029650681598
2023-10-19,30125.472107304795,501392.9291912946,428366.9996455279,315087.0644699399,1001681.2979296362,-0.009360018693176696,73025.92954576667,1.1704751523954817
2023-10-20,29785.43701243142,497587.4912889997,477808.08669651154,328075.55983634264,801888.6475308865,-0.011287295138884294,19779.404592488136,1.0413961277408252
2023-10-21,30306.445125866627,519808.4760767855,672804.3322750677,251600.20745328834,625405.0654715315,0.01749204194042064,-152995.8561982822,0.772599775508384
2023-10-22,30537.99575311925,485563.9588076057,635478.8853090641,212329.10648269084,976680.3899287471,0.0076403097193010186,-149914.92650145834,0.7640914120560474
2023-10-23,30130.0633454485,442633.79931197636,519269.1302706629,272998.6071469558,1106048.7817744436,-0.01335819190521308,-76635.33095868654,0.8524169327786898
2023-10-24,30687.22840176845,445314.1058759608,483420.313035138,216114.2315123947,879382.7228058462,0.018491997508664957,-38106.207159177226,0.9211737568081724
2023-10-25,30891.17542766723,496724.67297840014,490802.8194046435,350669.3623763311,1042931.1820804408,0.006645990417532312,5921.853573756642,1.0120656470167388
2023-10-26,31408.826341612254,445657.5228866235,535216.6175457375,256826.76655413688,1141841.7386982967,0.016757242376779165,-89559.09465911402,0.8326675747292905
2023-10-27,31820.048813896046,428715.42173228355,387948.6691321435,231733.92243439457,1097237.168037607,0.013092576838472347,40766.752600140055,1.105082852046733
2023-10-28,31308.38560402266,510643.0227691897,456836.11163189897,259234.0152932454,1145994.679405709,-0.0160799002184415,53806.91113729071,1.1177816502839124
2023-10-29,30973.272516533685,474502.27825791447,329827.43335101695,182643.68552351516,1011319.1236607839,-0.01070362080393944,144674.84490689752,1.4386379975644055
2023-10-30,31451.68172241887,650399.2988582689,515930.0810344751,201419.29807446743,911315.0458352389,0.015445872102465391,134469.21782379376,1.2606345758211535
2023-10-31,31851.350989704908,234903.0191606988,538247.6345732467,310020.69539722125,659705.1282154247,0.012707405308669123,-303344.6154125479,0.4364218327628012
2023-11-01,31853.961785087842,609150.6851922462,436513.21839305636,217155.28605143022,863090.6267805077,8.196812071732927e-05,172637.46679918986,1.3954919565430874
2023-11-02,31944.635605665633,624608.5192497629,621658.8086961029,197654.45086590303,773513.0107025712,0.0028465476661756785,2949.710553659941,1.004744902690025
2023-11-03,32776.898713910705,292660.9767591851,369681.0903297893,276832.6376263643,1225641.4076246722,0.026053297915768468,-77020.11357060424,0.7916579571276008
2023-11-04,32405.48965338927,465731.24059196515,348206.2607811162,309285.2077331499,873617.1281351495,-0.011331427776716568,117524.97981084895,1.3375154126959412
2023-11-05,32776.271568714,462855.91340042086,500200.6636703975,285947.66553325334,918480.7210176728,0.011441947623400572,-37344.75026997662,0.9253404623737473
2023-11-06,32660.117278790927,359248.8305282179,574238.8472350939,299802.3842902908,982722.8064060701,-0.003543853048677645,-214990.01670687605,0.625608720583721
2023-11-07,32534.257464894537,422218.33124091243,631553.4922312081,212160.24557152696,906540.3669558681,-0.0038536240645443615,-209335.1609902957,0.6685393025842706
2023-11-08,33265.48237360734,388942.4154534171,438700.4163417954,178909.4666629078,1154257.656064613,0.022475537039743858,-49758.0008883783,0.8865786330833765
2023-11-09,33831.27257495711,675227.0443423623,577081.2750088166,325066.6825977743,806602.5957398321,0.017008326979760506,98145.7693335457,1.170072697874396
2023-11-10,34398.62953600242,593567.8393147461,476534.23774493637,233866.00805789322,929191.1182855864,0.016770192720012737,117033.60156980972,1.2455932696958736
2023-11-11,35313.96248785851,627155.5094994159,464463.54300532624,237458.34917724764,788629.4121452927,0.02660957614308665,162691.96649408963,1.35027930382089
2023-11-12,35346.45404661284,572167.2064043235,559529.3943738005,316409.7070924529,701996.6233168942,0.0009200768326550799,12637.812030522968,1.022586502438655
2023-11-13,35846.21966087271,387094.82287827705,538709.0590572078,277811.500470033,808234.6363642071,0.01413905942589913,-151614.23617893073,0.7185600768543412
2023-11-14,35641.704964496836,447547.9733720226,338124.70587141754,272794.38860408036,894444.4804427382,-0.005705335131869112,109423.26750060508,1.3236180781839015
2023-11-15,35890.60264687529,548937.4561227919,612888.6314753306,358250.1172450542,835604.666322411,0.006983327049768927,-63951.1753525387,0.8956561240194699
2023-11-16,35815.129695167496,377787.2191108054,604208.2218732706,217824.08848099285,796136.8530189216,-0.0021028610873538734,-226421.00276246516,0.6252599773295443
2023-11-17,35902.51572133753,571299.8430172388,423699.35686414235,296392.00640406186,689052.380449225,0.0024399192998545223,147600.48615309643,1.3483613646371995
2023-11-18,36347.819668446464,475967.4601841865,515622.3180093668,252850.65624485424,887534.1641056958,0.012403140508738322,-39654.85782518028,0.9230932090405367
2023-11-19,35771.182821417424,462517.9192450403,524462.7167654465,263429.61394316284,674291.9438953496,-0.015864413664669362,-61944.797520406195,0.8818890351206613
2023-11-20,37286.01176826317,571095.9968203491,503460.63892415166,326423.42132062657,1014008.3945534404,0.042347745513709,67635.35789619747,1.1343409050620679
2023-11-21,36554.44725563379,544426.3311486039,430472.5361539122,275391.7878144812,912365.9629401754,-0.019620347629994112,113953.79499469174,1.2647179214098536
2023-11-22,35685.04460717081,463903.38341809204,419553.8968855754,276914.80395248166,681367.2750802604,-0.02378377225575457,44349.48653251666,1.1057062915199476
2023-11-23,36529.431893092384,615932.9803364248,477700.13361076993,303625.3668654901,853618.6384425205,0.023662217470001422,138232.84672565485,1.2893715889941262
2023-11-24,37126.07637826735,391893.6672400103,585545.6117333429,231752.36352285574,787176.5391614125,0.016333253879258745,-193651.9444933326,0.6692794880315462
2023-11-25,37608.06181639786,561593.5606944264,528924.013913499,208039.51663304967,947876.176562877,0.012982396341043104,32669.546780927456,1.0617660494164485
2023-11-26,38099.4829823954,559310.1257968384,446644.71011225047,197759.54029894833,1101067.5669034717,0.013066910185285632,112665.41568458796,1.2522484049039178
2023-11-27,38480.47781221935,469045.35606860096,549452.883958351,151682.1705311999,618724.1295531383,0.010000000000000005,-80407.52788975002,0.8536589210152458
2023-11-28,38734.47436543532,532613.3022242117,223631.16414329322,352810.3564970161,917253.9118721125,0.006600660066006604,308982.1380809185,2.3816595699646586
2023-11-29,38988.47091865129,374888.6423614697,583388.9130334894,194839.58171391586,875980.080665004,0.006557377049180331,-208500.2706720197,0.6426050169725273
2023-11-30,39242.46747186726,592402.7019206901,323425.75990997104,238937.3188207114,1000701.0114675699,0.00651465798045603,268976.9420107191,1.8316497179618336
2023-12-01,39496.46402508323,481509.7863557011,447380.3152737181,236159.33500555396,931979.4942356534,0.006472491909385117,34129.47108198301,1.076287377689163
2023-12-02,39750.4605782992,447727.697948096,379229.709483647,265370.334890455,787204.6002391771,0.006430868167202576,68497.98846444901,1.1806240037409377
2023-12-03,40004.45713151517,604900.922583689,363478.6671851185,290786.86062696483,852141.9096500073,0.006389776357827479,241422.2553985705,1.6641992424705765
2023-12-04,36855.973739610796,429565.6309457241,584474.4108640668,293023.6744179873,780596.1214794767,-0.07870331502196604,-154908.7799183427,0.734960543970897
2023-12-05,37178.78154318143,359153.87036364403,437906.89188192977,220846.12807155307,1061401.0707897898,0.00875862908551236,-78753.02151828574,0.8201603514851293
2023-12-06,36778.199093968484,344337.08264760964,511185.3493557644,241643.91431067942,903196.7473007913,-0.010774491056079631,-166848.26670815476,0.6736051474901815
2023-12-07,36191.79248537019,560600.995134564,475777.14790087345,264128.99752441497,1185178.602862951,-0.015944407911328676,84823.84723369055,1.1782848285335539
2023-12-08,36386.27792140595,371957.0647503717,522933.67445008096,237565.44369082263,890900.8779278069,0.0053737442298381205,-150976.60969970928,0.7112891804902852
2023-12-09,36582.73949512297,675479.4181984365,486913.970195423,330367.27880099963,793738.9849634306,0.005399331422174579,188565.4480030135,1.3872664567979693
2023-12-10,36230.12346240188,291807.0592116278,364530.69982302876,274548.74758191255,672942.8411080759,-0.009638863507422624,-72723.64061140094,0.8005006419302775
2023-12-11,35906.923004771634,669645.6368290038,569664.0137502427,286743.88930249086,629529.0485616082,-0.008920766112366516,99981.62307876116,1.175509810459251
2023-12-12,36091.52045095328,521101.7467202618,435561.9075154819,283144.0634333706,662379.6085491765,0.005140998747152828,85539.83920477994,1.1963896239060792
2023-12-13,35064.29489866164,490328.68881296075,339907.6291206224,308673.69287426624,940068.9976517225,-0.02846168682994641,150421.05969233834,1.442535108969145
2023-12-14,34094.79254923251,445508.091319105,441469.6355130679,259051.07793518534,976308.7534844901,-0.027649275487531207,4038.45580603712,1.009147754412019
2023-12-15,33621.9358118712,539913.6114352071,615068.381157088,185158.40260220767,662821.39469518,-0.013868884425048529,-75154.7697218809,0.8778107084930994
2023-12-16,33495.216651095485,496236.5297575152,556519.9567902144,269984.39758763206,1034255.7471114174,-0.003768943034236903,-60283.42703269923,0.8916778701335527
2023-12-17,33720.24258478443,610330.1882016521,448621.30790329265,217432.15531040856,827540.842247484,0.006718151311960044,161708.8802983595,1.360457422439726
2023-12-18,34732.090096767,511422.76486620394,448566.8066113414,223569.16591251217,922018.9517978324,0.03000712433899126,62855.95825486252,1.1401261915247416
2023-12-19,35345.22236792362,515030.17614618776,451052.84539043554,279318.20093775465,1141833.0942383136,0.017653192464040336,63977.33075575222,1.141839989281905
2023-12-20,35249.833720972456,463638.7787786144,666907.3185204756,311914.15357168176,1034525.8973798298,-0.002698770599268611,-203268.53974186123,0.6952072138107442
2023-12-21,35254.052274501475,494305.43762789323,514374.1907008398,251063.5788368031,859720.4028141252,0.00011967584194614859,-20068.753072946565,0.9609841367709319
2023-12-22,34564.81484808544,530780.1768892059,518703.74824719626,265441.6506299482,766321.1661877069,-0.01955058729275621,12076.428642009676,1.0232819382601694
2023-12-23,34569.2991931528,328983.1607343374,572725.5108628658,335110.7472317619,577227.6898006042,0.0001297372801522854,-243742.35012852843,0.5744168096138982
2023-12-24,34387.009305679014,365181.4577894287,501491.02431238623,262037.65897442843,792127.002113637,-0.005273172778402577,-136309.56652295752,0.7281914133760283
2023-12-25,34626.14933308107,574326.4094022715,456686.2068761367,380084.15570901975,868330.4641758458,0.006954371206761565,117640.20252613479,1.2575952607170406
2023-12-26,34070.58596405984,517086.5438127942,462328.51358235197,278275.4822815772,751923.0709273224,-0.016044618871046513,54758.03023044224,1.1184396562655192
2023-12-27,34441.510058213644,481601.6663647321,473555.88665273425,161961.86204220913,880311.4549361543,0.010886930284823366,8045.779711997835,1.0169901376770296
2023-12-28,35514.52766701863,501843.39330653934,476649.99871411425,287667.0810552266,911527.7824438153,0.03115477826005165,25193.394592425087,1.0528551235925538
2023-12-29,35455.03362482333,534758.1705361671,545486.6589273282,269057.9192441389,866271.6027287883,-0.0016752029691373368,-10728.488391161081,0.9803322625483488
2023-12-30,35757.61519392581,446024.03196906386,484675.129722657,314487.63770413725,802499.612876481,0.008534234441978797,-38651.097753593116,0.9202535979601218
2023-12-31,36269.052067202894,422169.52745976875,545937.6069494021,283659.0675634979,925298.2007950092,0.01430287983422228,-123768.07948963338,0.7732926292049628
